fiscalDateEnding,fiscalYear,fiscalQuarter,reportedDate,reportTime,reportedEPS,estimatedEPS,surprise,surprisePercentage,totalRevenue,grossProfit,costOfRevenue,operatingIncome,sellingGeneralAndAdministrative,researchAndDevelopment,operatingExpenses,netIncome,totalAssets,totalCurrentAssets,cashAndCashEquivalentsAtCarryingValue,cashAndShortTermInvestments,totalLiabilities,totalCurrentLiabilities,totalShareholderEquity,commonStockSharesOutstanding,operatingCashflow,capitalExpenditures,dividendPayout,freeCashFlow,priceDate_before,close_unadj_before,close_split_adj_before,close_full_adj_before,priceDate_release,close_unadj_release,close_split_adj_release,close_full_adj_release,priceDate_after,close_unadj_after,close_split_adj_after,close_full_adj_after,market_reaction_return_1d,market_reaction_type,return_close_before_to_after
1999-04-30,1999,Q1,1999-05-18,pre-market,0.002,0.001,0.001,100.0,,,,,,,,,,,,,,,,,,,,,1999-05-17,18.875039219856262,0.039322998374700546,0.03600874915719032,1999-05-18,19.75007951259613,0.04114599898457527,0.03767811134457588,1999-05-19,18.875039219856262,0.039322998374700546,0.03600874915719032,0.0,Unspecified (Next Day Close vs Prev Close),0.0
1999-07-31,1999,Q2,1999-08-18,pre-market,0.002,0.002,0.0,0.0,,,,,,,,,,,,,,,,,,,,,1999-08-17,21.875039935112,0.045572999864816666,0.04173197224736214,1999-08-18,22.375200390815735,0.04661500081419945,0.04268617555499077,1999-08-19,27.12480068206787,0.05651000142097473,0.05174720287322998,0.23998939150307957,Unspecified (Next Day Close vs Prev Close),0.23998939150307957
1999-10-31,1999,Q3,1999-11-18,pre-market,0.001,0.002,-0.001,-50.0,,,,,,,,,,,,,,,,,,,,,1999-11-17,35.6875205039978,0.07434900104999542,0.06808268278837204,1999-11-18,35.812318325042725,0.07460899651050568,0.06832078844308853,1999-11-19,42.87503957748413,0.0893229991197586,0.08179464936256409,0.20140167826250727,Unspecified (Next Day Close vs Prev Close),0.20140167826250727
2000-01-31,2000,Q4,2000-02-15,pre-market,0.001,0.001,0.0,0.0,,,,,,,,,,,,,,,,,,,,,2000-02-14,57.99984097480774,0.12083300203084946,0.11064892262220383,2000-02-15,55.75007915496826,0.11614599823951721,0.10635693371295929,2000-02-16,58.312318325042725,0.12148399651050568,0.11124502867460251,0.005387364271354067,Unspecified (Next Day Close vs Prev Close),0.005387364271354067
2000-04-30,2000,Q1,2000-05-16,pre-market,0.001,0.001,0.0,0.0,,,,,,,,,,,,,,,,,,,,,2000-05-15,85.24992227554321,0.17760400474071503,0.16263513267040253,2000-05-16,93.99983882904053,0.1958329975605011,0.17932772636413574,2000-05-17,110.49983739852905,0.23020799458026886,0.2108054906129837,0.29618666736789,Unspecified (Next Day Close vs Prev Close),0.29618666736789
2000-07-31,2000,Q2,2000-08-21,pre-market,0.001,0.001,0.0,0.0,,,,,,,,,,,,,,,,,,,,,2000-08-18,76.99991941452026,0.3208329975605011,0.2937924265861511,2000-08-21,78.18743705749512,0.325780987739563,0.2983233630657196,2000-08-22,70.81247806549072,0.2950519919395447,0.27018415927886963,-0.08035696352560215,Unspecified (Next Day Close vs Prev Close),-0.08035696352560215
2000-10-31,2000,Q3,2000-11-09,pre-market,0.001,0.001,0.0,0.0,,,,,,,,,,,,,,,,,,,,,2000-11-08,69.4375205039978,0.28932300209999084,0.2649381756782532,2000-11-09,62.187602519989014,0.2591150104999542,0.2372761070728302,2000-11-10,58.81247878074646,0.24505199491977692,0.2243984043598175,-0.153015967648498,Unspecified (Next Day Close vs Prev Close),-0.153015967648498
2001-01-31,2001,Q4,2001-02-15,pre-market,0.001,0.002,-0.001,-50.0,,,,,,,,,,,,,,,,,,,,,2001-02-14,47.687519788742065,0.1986979991197586,0.18195129930973053,2001-02-15,56.437439918518066,0.23515599966049194,0.21533647179603577,2001-02-16,59.50007915496826,0.24791699647903442,0.2270219326019287,0.24770712527573502,Unspecified (Next Day Close vs Prev Close),0.24770712527573502
2001-04-30,2001,Q1,2001-05-22,pre-market,0.002,0.002,0.0,0.0,,,,,,,,,,,,,,,,,,,,,2001-05-21,90.19992113113403,0.37583300471305847,0.344156950712204,2001-05-22,92.89991855621338,0.3870829939842224,0.35445863008499146,2001-05-23,92.11008310317993,0.3837920129299164,0.35144510865211487,0.02117684366051203,Unspecified (Next Day Close vs Prev Close),0.02117684366051203
2001-07-31,2001,Q2,2001-08-14,pre-market,0.002,0.002,0.0,0.0,,,,,,,,,,,,,,,,,,,,,2001-08-13,88.18991661071777,0.3674579858779907,0.3364877998828888,2001-08-14,85.84992170333862,0.35770800709724426,0.32755959033966064,2001-08-15,85.9500002861023,0.3581250011920929,0.32794132828712463,-0.025399053394324175,Unspecified (Next Day Close vs Prev Close),-0.025399053394324175
2001-10-31,2001,Q3,2001-11-08,pre-market,0.002,0.002,0.0,0.0,,,,,,,,,,,,,,,,,,,,,2001-11-07,50.63003897666931,0.42191699147224426,0.38635677099227905,2001-11-08,49.74995970726013,0.4145829975605011,0.37964096665382385,2001-11-09,53.19995999336243,0.4433329999446869,0.4059677720069885,0.05075878692210464,Unspecified (Next Day Close vs Prev Close),0.05075878692210464
2002-01-31,2002,Q4,2002-02-14,pre-market,0.004,0.003,0.001,33.3333,,,,,,,,,,,,,,,,,,,,,2002-02-13,61.400041580200195,0.511667013168335,0.46854251623153687,2002-02-14,62.160000801086426,0.5180000066757202,0.4743417203426361,2002-02-15,57.350038290023804,0.47791698575019836,0.43763700127601624,-0.06596096167342952,Unspecified (Next Day Close vs Prev Close),-0.06596096167342952
2002-04-30,2002,Q1,2002-05-22,pre-market,0.004,0.004,0.0,0.0,,,,,,,,,,,,,,,,,,,,,2002-05-21,36.56999945640564,0.304749995470047,0.27906501293182373,2002-05-22,38.049960136413574,0.3170830011367798,0.29035845398902893,2002-05-23,35.72999954223633,0.29774999618530273,0.27265486121177673,-0.022970101671659617,Unspecified (Next Day Close vs Prev Close),-0.022970101671659617
2002-07-31,2002,Q2,2002-08-15,pre-market,0.001,0.001,0.0,0.0,,,,,,,,,,,,,,,,,,,,,2002-08-14,9.620040357112885,0.0801670029759407,0.07341032475233078,2002-08-15,10.289999842643738,0.08574999868869781,0.07852278649806976,2002-08-16,10.68996012210846,0.0890830010175705,0.08157485723495483,0.11121776821134183,Unspecified (Next Day Close vs Prev Close),0.11121776821134183
2002-10-31,2002,Q3,2002-11-07,pre-market,0.001,0.001,0.0,0.0,,,,,,,,,,,,,,,,,,,,,2002-11-06,16.179959177970886,0.13483299314975739,0.12346893548965454,2002-11-07,14.550000429153442,0.12125000357627869,0.11103077232837677,2002-11-08,11.360040307044983,0.09466700255870819,0.08668825775384903,-0.2978941835850473,Unspecified (Next Day Close vs Prev Close),-0.2978941835850473
2003-01-31,2003,Q4,2003-02-13,pre-market,0.001,0.002,-0.001,-50.0,,,,,,,,,,,,,,,,,,,,,2003-02-12,9.749999642372131,0.08124999701976776,0.07440206408500671,2003-02-13,9.869999885559082,0.08224999904632568,0.07531777769327164,2003-02-14,12.039959728717804,0.10033299773931503,0.09187669306993484,0.23486752954814283,Unspecified (Next Day Close vs Prev Close),0.23486752954814283
2003-04-30,2003,Q1,2003-05-08,pre-market,0.001,0.001,0.0,0.0,,,,,,,,,,,,,,,,,,,,,2003-05-07,16.05000078678131,0.13375000655651093,0.12247723340988159,2003-05-08,16.05996072292328,0.13383300602436066,0.12255316227674484,2003-05-09,21.36996030807495,0.17808300256729126,0.16307371854782104,0.3314614806988618,Unspecified (Next Day Close vs Prev Close),0.3314614806988618
2003-07-31,2003,Q2,2003-08-07,pre-market,0.001,0.001,0.0,0.0,,,,,,,,,,,,,,,,,,,,,2003-08-06,19.569960236549377,0.1630830019712448,0.1493379771709442,2003-08-07,19.299960136413574,0.16083300113677979,0.1472775936126709,2003-08-08,15.500040650367737,0.12916700541973114,0.11828051507472992,-0.2079676093420191,Unspecified (Next Day Close vs Prev Close),-0.2079676093420191
2003-10-31,2003,Q3,2003-11-06,pre-market,0.001,0.001,0.0,0.0,,,,,,,,,,,,,,,,,,,,,2003-11-05,18.140040636062622,0.15116700530052185,0.138426274061203,2003-11-06,18.170040249824524,0.15141700208187103,0.1386551856994629,2003-11-07,21.750000715255737,0.18125000596046448,0.16597381234169006,0.1990051272225051,Unspecified (Next Day Close vs Prev Close),0.1990051272225051
2004-01-31,2004,Q4,2004-02-12,pre-market,0.003,0.001,0.002,200.0,,,,,,,,,,,,,,,,,,,,,2004-02-11,24.249960780143738,0.20208300650119781,0.18505094945430756,2004-02-12,23.519999384880066,0.19599999487400055,0.17948070168495178,2004-02-13,23.300040364265442,0.19416700303554535,0.17780211567878723,-0.039172097181323536,Unspecified (Next Day Close vs Prev Close),-0.039172097181323536
2004-04-30,2004,Q1,2004-05-06,pre-market,0.002,0.001,0.001,100.0,,,,,,,,,,,,,,,,,,,,,2004-05-05,21.72995924949646,0.18108299374580383,0.16582082211971283,2004-05-06,21.909960508346558,0.1825830042362213,0.16719447076320648,2004-05-07,22.080000042915344,0.18400000035762787,0.16849201917648315,0.01610893627605994,Unspecified (Next Day Close vs Prev Close),0.01610893627605994
2004-07-31,2004,Q2,2004-08-05,pre-market,0.002,0.001,0.001,100.0,,,,,,,,,,,,,,,,,,,,,2004-08-04,14.970000386238098,0.12475000321865082,0.1142357587814331,2004-08-05,14.55996036529541,0.12133300304412842,0.111106738448143,2004-08-06,9.429960250854492,0.0785830020904541,0.07195981591939926,-0.3700762643238556,Unspecified (Next Day Close vs Prev Close),-0.3700762643238556
2004-10-31,2004,Q3,2004-11-04,pre-market,0.002,0.001,0.001,100.0,,,,,,,,,,,,,,,,,,,,,2004-11-03,15.129960179328918,0.12608300149440765,0.11545640230178833,2004-11-04,15.410040020942688,0.1284170001745224,0.11759372800588608,2004-11-05,17.639999985694885,0.1469999998807907,0.13461045920848846,0.16589861215867327,Unspecified (Next Day Close vs Prev Close),0.16589861215867327
2005-01-31,2005,Q4,2005-02-17,pre-market,0.003,0.002,0.001,50.0,,,,,,,,,,,,,,,,,,,,,2005-02-16,25.739999413490295,0.21449999511241913,0.19642139971256256,2005-02-17,25.509960651397705,0.2125830054283142,0.19466596841812134,2005-02-18,28.26996088027954,0.23558300733566284,0.2157275378704071,0.09828938285796045,Unspecified (Next Day Close vs Prev Close),0.09828938285796045
2005-04-30,2005,Q1,2005-05-12,pre-market,0.006,0.002,0.004,200.0,,,,,,,,,,,,,,,,,,,,,2005-05-11,22.29996085166931,0.18583300709724426,0.1701705902814865,2005-05-12,22.790039777755737,0.18991699814796448,0.17391033470630646,2005-05-13,25.329959392547607,0.21108299493789673,0.19329242408275604,0.13587444083623798,Unspecified (Next Day Close vs Prev Close),0.13587444083623798
2005-07-31,2005,Q2,2005-08-11,pre-market,0.003,0.003,0.0,0.0,,,,,,,,,,,,,,,,,,,,,2005-08-10,27.86004066467285,0.23216700553894043,0.21259941160678864,2005-08-11,28.250039219856262,0.23541699349880219,0.2155754119157791,2005-08-12,29.949960708618164,0.24958300590515137,0.22854748368263245,0.07501465763856593,Unspecified (Next Day Close vs Prev Close),0.07501465763856593
2005-10-31,2005,Q3,2005-11-09,pre-market,0.004,0.003,0.001,33.3333,,,,,,,,,,,,,,,,,,,,,2005-11-08,33.279958963394165,0.27733299136161804,0.25395867228507996,2005-11-09,34.77996110916138,0.2898330092430115,0.26540514826774597,2005-11-10,33.48996162414551,0.2790830135345459,0.25556111335754395,0.006309849780066489,Unspecified (Next Day Close vs Prev Close),0.006309849780066489
2006-01-31,2006,Q4,2006-02-16,pre-market,0.004,0.004,0.0,0.0,,,,,,,,,,,,,,,,,,,,,2006-02-15,44.97995853424072,0.37483298778533936,0.34324124455451965,2006-02-16,47.19995856285095,0.39333298802375793,0.36018186807632446,2006-02-17,47.4699604511261,0.39558300375938416,0.36224228143692017,0.05535767389219576,Unspecified (Next Day Close vs Prev Close),0.05535767389219576
2006-04-30,2006,Q1,2006-05-11,pre-market,0.005,0.005,0.0,0.0,681807000.0,288757000.0,393050000.0,100685000.0,65668000.0,122404000.0,188072000.0,90676000.0,2161453000.0,1722627000.0,487763000.0,487763000.0,552802000.0,534386000.0,1608651000.0,23422200000.0,50396000.0,20667000.0,,29729000.0,2006-05-10,29.52000081539154,0.492000013589859,0.4505331218242645,2006-05-11,28.47000002861023,0.47450000047683716,0.43450799584388733,2006-05-12,26.32997989654541,0.43883299827575684,0.4018469452857971,-0.10806347897648687,Unspecified (Next Day Close vs Prev Close),-0.10806347897648687
2006-07-31,2006,Q2,2006-08-10,pre-market,0.0038,,0.0,,687500000.0,292100000.0,395400000.0,95800000.0,69100000.0,127300000.0,196300000.0,86800000.0,2184000000.0,1726000000.0,388000000.0,388000000.0,529000000.0,505000000.0,1654548000.0,57840000000.0,17900000.0,20111000.0,,-2211000.0,2006-08-09,24.329999685287476,0.40549999475479126,0.37132349610328674,2006-08-10,24.160019159317017,0.40266698598861694,0.36872923374176025,2006-08-11,23.399999141693115,0.38999998569488525,0.35712990164756775,-0.038224337012519476,Unspecified (Next Day Close vs Prev Close),-0.038224337012519476
2006-10-31,2006,Q3,2006-11-09,pre-market,0.007,0.006,0.001,16.6667,820572000.0,333942000.0,486630000.0,117613000.0,69100000.0,140732000.0,216329000.0,106511000.0,2183829000.0,1726289000.0,388423000.0,388423000.0,529281000.0,505044000.0,1654548000.0,23135340000.0,289318000.0,28786000.0,,260532000.0,2006-11-08,34.60002064704895,0.5766670107841492,0.5280641913414001,2006-11-09,35.29002070426941,0.5881670117378235,0.5385947823524475,2006-11-10,34.44000005722046,0.5740000009536743,0.5256216526031494,-0.00462545799980518,Unspecified (Next Day Close vs Prev Close),-0.00462545799980518
2007-01-31,2007,Q4,2007-02-13,pre-market,0.009,0.007,0.002,28.5714,878873000.0,385706000.0,493167000.0,138514000.0,84900000.0,162276000.0,247192000.0,163506000.0,2675263000.0,2031770000.0,544414000.0,544414000.0,668344000.0,638807000.0,2006919000.0,23940000000.0,230395000.0,75692000.0,,154703000.0,2007-02-12,33.370020389556885,0.5561670064926147,0.5092918276786804,2007-02-13,34.00002121925354,0.5666670203208923,0.5189069509506226,2007-02-14,33.55002164840698,0.5591670274734497,0.5120390057563782,0.005394113803512646,Unspecified (Next Day Close vs Prev Close),0.005394113803512646
2007-04-30,2007,Q1,2007-05-10,pre-market,0.007,0.006,0.001,16.6667,844280000.0,380138000.0,464142000.0,141246000.0,80600000.0,158321000.0,238892000.0,132259000.0,2800868000.0,2154233000.0,678951000.0,678951000.0,704974000.0,623867000.0,2095894000.0,23931960000.0,295198000.0,26336000.0,,268862000.0,2007-05-09,33.439979553222656,0.5573329925537109,0.5103595852851868,2007-05-10,32.81999945640564,0.546999990940094,0.5008975863456726,2007-05-11,35.14002084732056,0.5856670141220093,0.5363055467605591,0.05083858954245725,Unspecified (Next Day Close vs Prev Close),0.05083858954245725
2007-07-31,2007,Q2,2007-08-09,pre-market,0.009,0.007,0.002,28.5714,935253000.0,423992000.0,511261000.0,184760000.0,81300000.0,157952000.0,239232000.0,172732000.0,3036267000.0,2397405000.0,914745000.0,914745000.0,775989000.0,680798000.0,2260278000.0,24153180000.0,342402000.0,41367000.0,,301035000.0,2007-08-08,45.58997869491577,0.7598329782485962,0.6957923769950867,2007-08-09,46.12997889518738,0.7688329815864563,0.7040337920188904,2007-08-10,43.99001955986023,0.7331669926643372,0.6713740229606628,-0.03509431094930817,Unspecified (Next Day Close vs Prev Close),-0.03509431094930817
2007-10-31,2007,Q3,2007-11-08,pre-market,0.011,0.009,0.002,22.2222,1115597000.0,515553000.0,600044000.0,247841000.0,81280000.0,179529000.0,267712000.0,235661000.0,3475263000.0,2756054000.0,1056702000.0,1056702000.0,997337000.0,856442000.0,2477926000.0,24519400000.0,380125000.0,49703000.0,,330422000.0,2007-11-07,36.09999895095825,0.9024999737739563,0.8264349102973938,2007-11-08,33.84000062942505,0.8460000157356262,0.7746971249580383,2007-11-09,33.359999656677246,0.8339999914169312,0.7637086510658264,-0.07589981794088932,Unspecified (Next Day Close vs Prev Close),-0.07589981794088932
2008-01-31,2008,Q4,2008-02-13,pre-market,0.012,0.012,0.0,0.0,1202730000.0,549597000.0,653133000.0,262499000.0,91263000.0,195835000.0,287098000.0,256993000.0,3747671000.0,2888829000.0,726969000.0,726969000.0,1129759000.0,967161000.0,2617912000.0,22198640000.0,252471000.0,70339000.0,,182132000.0,2008-02-12,25.999999046325684,0.6499999761581421,0.5952165126800537,2008-02-13,27.019999027252197,0.6754999756813049,0.6185671091079712,2008-02-14,22.609999179840088,0.5652499794960022,0.5176093578338623,-0.13038474772272912,Unspecified (Next Day Close vs Prev Close),-0.13038474772272912
2008-04-30,2008,Q1,2008-05-08,pre-market,0.009,0.01,-0.001,-10.0,1153388000.0,514843000.0,638545000.0,202979000.0,91263000.0,218830000.0,311864000.0,176805000.0,3807458000.0,2748993000.0,803308000.0,803308000.0,1070280000.0,876552000.0,2737178000.0,23679560000.0,145245000.0,202173000.0,,-56928000.0,2008-05-07,22.009999752044678,0.5502499938011169,0.5038734674453735,2008-05-08,21.94999933242798,0.5487499833106995,0.5024999976158142,2008-05-09,22.53000020980835,0.5632500052452087,0.5157780647277832,0.02362616420897431,Unspecified (Next Day Close vs Prev Close),0.02362616420897431
2008-07-31,2008,Q2,2008-08-12,pre-market,0.003,0.003,0.0,0.0,892676000.0,149917000.0,742759000.0,-155392000.0,92400000.0,212910000.0,305309000.0,-120929000.0,3960049000.0,2814219000.0,719143000.0,719143000.0,1297134000.0,1135016000.0,2662915000.0,22216680000.0,80957000.0,53514000.0,,27443000.0,2008-08-11,11.230000257492065,0.28075000643730164,0.25708773732185364,2008-08-12,11.069999933242798,0.27674999833106995,0.2534247636795044,2008-08-13,12.259999513626099,0.30649998784065247,0.28066742420196533,0.09171844260541988,Unspecified (Next Day Close vs Prev Close),0.09171844260541988
2008-10-31,2008,Q3,2008-11-06,pre-market,0.005,0.003,0.002,66.6667,897655000.0,367843000.0,529812000.0,56796000.0,90300000.0,212360000.0,311047000.0,61748000.0,3648898000.0,2480099000.0,461253000.0,461253000.0,1161823000.0,1004465000.0,2487075000.0,22581440000.0,43003000.0,109008000.0,,-66005000.0,2008-11-05,8.510000109672546,0.21275000274181366,0.19481894373893738,2008-11-06,7.620000243186951,0.19050000607967377,0.17444418370723724,2008-11-07,8.71999979019165,0.21799999475479126,0.19962634146213531,0.024676233383340684,Unspecified (Next Day Close vs Prev Close),0.024676233383340684
2009-01-31,2009,Q4,2009-02-10,pre-market,-0.004,-0.002,-0.002,-100.0,481140000.0,141666000.0,339474000.0,-175083000.0,86400000.0,211779000.0,316749000.0,-147665000.0,3350727000.0,2167958000.0,417688000.0,417688000.0,956075000.0,778591000.0,2394652000.0,21752280000.0,-19845000.0,42975000.0,,-62820000.0,2009-02-09,9.739999771118164,0.2434999942779541,0.22297723591327667,2009-02-10,9.319999814033508,0.2329999953508377,0.2133621722459793,2009-02-11,8.149999976158142,0.20374999940395355,0.1865774542093277,-0.16324438481292355,Unspecified (Next Day Close vs Prev Close),-0.16324438481292355
2009-04-30,2009,Q1,2009-05-07,pre-market,-0.002,-0.003,0.001,33.3333,664231000.0,189696000.0,474535000.0,-230965000.0,80600000.0,301797000.0,420661000.0,-201338000.0,3178704000.0,2020684000.0,512274000.0,512274000.0,859828000.0,702172000.0,2318876000.0,21692280000.0,142128000.0,20777000.0,78297000.0,121351000.0,2009-05-06,11.56000018119812,0.289000004529953,0.26464247703552246,2009-05-07,10.729999542236328,0.2682499885559082,0.2456413060426712,2009-05-08,9.25000011920929,0.23125000298023224,0.21175968647003174,-0.19982729589699377,Unspecified (Next Day Close vs Prev Close),-0.19982729589699377
2009-07-31,2009,Q2,2009-08-06,pre-market,0.002,-0.001,0.003,300.0,776520000.0,156723000.0,619797000.0,-110107000.0,74000000.0,192855000.0,266830000.0,-105302000.0,3298409000.0,2167905000.0,523785000.0,523785000.0,1051000000.0,891321000.0,2247409000.0,21865560000.0,135117000.0,17656000.0,0.0,117461000.0,2009-08-05,13.40000033378601,0.33500000834465027,0.3067653477191925,2009-08-06,13.12000036239624,0.328000009059906,0.30035537481307983,2009-08-07,13.71000051498413,0.34275001287460327,0.3138621747493744,0.02313438295083509,Unspecified (Next Day Close vs Prev Close),0.02313438295083509
2009-10-31,2009,Q3,2009-11-05,pre-market,0.005,0.003,0.002,66.6667,903206000.0,391783000.0,511423000.0,107845000.0,86000000.0,197948000.0,283938000.0,107577000.0,3463574000.0,2357716000.0,614490000.0,614490000.0,1039939000.0,888806000.0,2423635000.0,22975240000.0,141317000.0,16593000.0,0.0,124724000.0,2009-11-04,11.979999542236328,0.2994999885559082,0.2742573320865631,2009-11-05,12.269999980926514,0.30674999952316284,0.2808963358402252,2009-11-06,13.15999984741211,0.32899999618530273,0.30127111077308655,0.09849792704173593,Unspecified (Next Day Close vs Prev Close),0.09849792704173593
2010-01-31,2010,Q4,2010-02-17,pre-market,0.006,0.005,0.001,20.0,982488000.0,438721000.0,543767000.0,134282000.0,88188000.0,216251000.0,304439000.0,131076000.0,3585918000.0,2480830000.0,447221000.0,447221000.0,920778000.0,784378000.0,2665140000.0,22976000000.0,69245000.0,22575000.0,77972000.0,46670000.0,2010-02-16,17.669999599456787,0.4417499899864197,0.40451812744140625,2010-02-17,17.84000039100647,0.44600000977516174,0.4084099531173706,2010-02-18,16.670000553131104,0.4167500138282776,0.38162529468536377,-0.05659284764527263,Unspecified (Next Day Close vs Prev Close),-0.05659284764527263
2010-04-30,2010,Q1,2010-05-13,pre-market,0.006,0.005,0.001,20.0,1001813000.0,456377000.0,545436000.0,147393000.0,90900000.0,218105000.0,308984000.0,137594000.0,3803030000.0,2726980000.0,447262000.0,447262000.0,942385000.0,765293000.0,2860645000.0,23639880000.0,-5397000.0,17080000.0,0.0,-22477000.0,2010-05-12,14.68000054359436,0.367000013589859,0.336068332195282,2010-05-13,14.65000033378601,0.36625000834465027,0.33538156747817993,2010-05-14,12.960000038146973,0.3240000009536743,0.29669246077537537,-0.11716626545171223,Unspecified (Next Day Close vs Prev Close),-0.11716626545171223
2010-07-31,2010,Q2,2010-08-12,pre-market,0.001,0.003,-0.002,-66.6667,811208000.0,134292000.0,676916000.0,-175207000.0,98900000.0,210635000.0,309499000.0,-140961000.0,3731268000.0,2655962000.0,377003000.0,377003000.0,970754000.0,819139000.0,2760514000.0,22910560000.0,34344000.0,37644000.0,0.0,-3300000.0,2010-08-11,8.880000114440918,0.22200000286102295,0.20328928530216217,2010-08-12,8.960000276565552,0.2240000069141388,0.2051207721233368,2010-08-13,9.390000104904175,0.23475000262260437,0.21496467292308807,0.057432380676492666,Unspecified (Next Day Close vs Prev Close),0.057432380676492666
2010-10-31,2010,Q3,2010-11-11,pre-market,0.004,0.004,0.0,0.0,843912000.0,392062000.0,451850000.0,103783000.0,83752000.0,204527000.0,288279000.0,84862000.0,3915579000.0,2807702000.0,451000000.0,451000000.0,1017699000.0,816489000.0,2897880000.0,23305920000.0,212177000.0,21823000.0,0.0,190354000.0,2010-11-10,12.740000486373901,0.31850001215934753,0.2916560769081116,2010-11-11,12.610000371932983,0.3152500092983246,0.2886800169944763,2010-11-12,13.259999752044678,0.33149999380111694,0.30356037616729736,0.04081622226214175,Unspecified (Next Day Close vs Prev Close),0.04081622226214175
2011-01-31,2011,Q4,2011-02-16,pre-market,0.006,0.004,0.002,50.0,886376000.0,426359000.0,460017000.0,179778000.0,88000000.0,215563000.0,246581000.0,171651000.0,4495246000.0,3226950000.0,665361000.0,665361000.0,1313784000.0,942682000.0,3181462000.0,24064000000.0,434673000.0,21343000.0,0.0,413330000.0,2011-02-15,22.55000114440918,0.5637500286102295,0.5162356495857239,2011-02-16,23.380000591278076,0.5845000147819519,0.5352367162704468,2011-02-17,25.68000078201294,0.6420000195503235,0.5878905653953552,0.13880272675305164,Unspecified (Next Day Close vs Prev Close),0.13880272675305164
2011-04-30,2011,Q1,2011-05-12,pre-market,0.006,0.005,0.001,20.0,962039000.0,484503000.0,477536000.0,154862000.0,98100000.0,231524000.0,329641000.0,135219000.0,4736744000.0,3496763000.0,683633000.0,683633000.0,1288936000.0,981166000.0,3447808000.0,24538960000.0,172200000.0,31195000.0,0.0,141005000.0,2011-05-11,19.869999885559082,0.49674999713897705,0.4548826813697815,2011-05-12,20.499999523162842,0.512499988079071,0.4693051278591156,2011-05-13,18.259999752044678,0.45649999380111694,0.41802504658699036,-0.08102668290602379,Unspecified (Next Day Close vs Prev Close),-0.08102668290602379
2011-07-31,2011,Q2,2011-08-11,pre-market,0.006,0.006,0.0,0.0,1016517000.0,525284000.0,491233000.0,174030000.0,103533000.0,247721000.0,351254000.0,151573000.0,4913614000.0,3317557000.0,532614000.0,532614000.0,1224145000.0,960299000.0,3689469000.0,24557360000.0,82021000.0,23323000.0,0.0,58698000.0,2011-08-10,12.339999675750732,0.3084999918937683,0.2824987769126892,2011-08-11,13.40999960899353,0.33524999022483826,0.3069942891597748,2011-08-12,12.879999876022339,0.32199999690055847,0.29486092925071716,0.043760020744616095,Unspecified (Next Day Close vs Prev Close),0.043760020744616095
2011-10-31,2011,Q3,2011-11-10,pre-market,0.007,0.006,0.001,16.6667,1066180000.0,556717000.0,509463000.0,197090000.0,103100000.0,256498000.0,359627000.0,178273000.0,5089043000.0,3500071000.0,566816000.0,566816000.0,1115593000.0,886684000.0,3973450000.0,24542400000.0,244417000.0,39035000.0,0.0,205382000.0,2011-11-09,14.320000410079956,0.3580000102519989,0.3278268277645111,2011-11-10,14.470000267028809,0.3617500066757202,0.3312608301639557,2011-11-11,14.980000257492065,0.37450000643730164,0.342936247587204,0.04608963801323322,Unspecified (Next Day Close vs Prev Close),0.04608963801323322
2012-01-31,2012,Q4,2012-02-15,pre-market,0.005,0.005,0.0,0.0,953194000.0,490013000.0,463181000.0,122317000.0,100800000.0,266862000.0,367696000.0,116025000.0,5552928000.0,3905358000.0,667876000.0,667876000.0,1407204000.0,929958000.0,4145724000.0,24743960000.0,410518000.0,45182000.0,0.0,365336000.0,2012-02-14,16.239999532699585,0.4059999883174896,0.37178128957748413,2012-02-15,16.169999837875366,0.40424999594688416,0.370178759098053,2012-02-16,16.449999809265137,0.4112499952316284,0.3765888214111328,0.012931075254250331,Unspecified (Next Day Close vs Prev Close),0.012931075254250331
2012-04-30,2012,Q1,2012-05-11,pre-market,0.003,0.002,0.001,50.0,924877000.0,463364000.0,461513000.0,72826000.0,106600000.0,283902000.0,390538000.0,60437000.0,5708167000.0,4032116000.0,369135000.0,369135000.0,1420739000.0,947404000.0,4287428000.0,24951440000.0,-9208000.0,28923000.0,0.0,-38131000.0,2012-05-10,12.419999837875366,0.31049999594688416,0.2843303680419922,2012-05-11,13.209999799728394,0.33024999499320984,0.30241575837135315,2012-05-14,13.12999963760376,0.328249990940094,0.30058425664901733,0.05716550335075233,Unspecified (Next Day Close vs Prev Close),0.05716550335075233
2012-07-31,2012,Q2,2012-08-09,pre-market,0.006,0.004,0.002,50.0,1044270000.0,540719000.0,503551000.0,139623000.0,119900000.0,281193000.0,401096000.0,119046000.0,5891881000.0,4213851000.0,499618000.0,499618000.0,1438216000.0,1021960000.0,4453665000.0,24925720000.0,200886000.0,61944000.0,0.0,138942000.0,2012-08-08,14.229999780654907,0.3557499945163727,0.32576656341552734,2012-08-09,14.709999561309814,0.36774998903274536,0.3367552161216736,2012-08-10,14.620000123977661,0.36550000309944153,0.33469465374946594,0.02740640488186164,Unspecified (Next Day Close vs Prev Close),0.02740640488186164
2012-10-31,2012,Q3,2012-11-08,pre-market,0.008,0.007,0.001,14.2857,1204110000.0,636658000.0,567452000.0,252217000.0,100300000.0,284180000.0,384441000.0,209080000.0,6075144000.0,4424827000.0,525388000.0,525388000.0,1352298000.0,991359000.0,4722846000.0,25153800000.0,181485000.0,44684000.0,0.0,136801000.0,2012-11-07,12.610000371932983,0.3152500092983246,0.2886800169944763,2012-11-08,12.680000066757202,0.31700000166893005,0.29028230905532837,2012-11-09,12.18999981880188,0.304749995470047,0.27906501293182373,-0.03330678778100724,Unspecified (Next Day Close vs Prev Close),-0.03330678778100724
2013-01-31,2013,Q4,2013-02-13,pre-market,0.007,0.006,0.001,16.6667,1106902000.0,585602000.0,521300000.0,183573000.0,104000000.0,298007000.0,402029000.0,173973000.0,6412245000.0,4775258000.0,732786000.0,732786000.0,1584542000.0,976223000.0,4827703000.0,24880720000.0,451009000.0,47758000.0,46866000.0,403251000.0,2013-02-12,12.430000305175781,0.31075000762939453,0.2863951027393341,2013-02-13,12.369999885559082,0.30924999713897705,0.2850126624107361,2013-02-14,12.730000019073486,0.31825000047683716,0.29330727458000183,0.024135090909563908,Unspecified (Next Day Close vs Prev Close),0.024135090909563908
2013-04-30,2013,Q1,2013-05-09,pre-market,0.0045,0.002,0.0025,125.0,954739000.0,518568000.0,436171000.0,82781000.0,108600000.0,327161000.0,435787000.0,77891000.0,6279527000.0,4606616000.0,561423000.0,561423000.0,1455343000.0,925577000.0,4824184000.0,24772080000.0,175650000.0,65667000.0,46267000.0,109983000.0,2013-05-08,13.899999856948853,0.3474999964237213,0.3222295939922333,2013-05-09,13.910000324249268,0.3477500081062317,0.32246139645576477,2013-05-10,14.539999961853027,0.3634999990463257,0.33706608414649963,0.04604322641645374,Unspecified (Next Day Close vs Prev Close),0.04604322641645374
2013-07-31,2013,Q2,2013-08-08,pre-market,0.004,0.003,0.001,33.3333,977238000.0,545538000.0,431700000.0,105534000.0,108300000.0,331738000.0,440004000.0,96448000.0,5569592000.0,3922608000.0,591321000.0,591321000.0,1397419000.0,935791000.0,4172173000.0,23680240000.0,96469000.0,84986000.0,43343000.0,11483000.0,2013-08-07,14.600000381469727,0.36500000953674316,0.3401762545108795,2013-08-08,14.700000286102295,0.3675000071525574,0.3425062894821167,2013-08-09,14.490000009536743,0.3622500002384186,0.3376133441925049,-0.007534065897867268,Unspecified (Next Day Close vs Prev Close),-0.007534065897867268
2013-10-31,2013,Q3,2013-11-07,pre-market,0.005,0.005,0.0,0.0,1053967000.0,584415000.0,469552000.0,140988000.0,103100000.0,340294000.0,443427000.0,118734000.0,5711373000.0,4049841000.0,562084000.0,562084000.0,1390726000.0,985927000.0,4320647000.0,23550080000.0,162315000.0,38159000.0,43397000.0,124156000.0,2013-11-06,14.900000095367432,0.3725000023841858,0.34891653060913086,2013-11-07,14.550000429153442,0.36375001072883606,0.3407205641269684,2013-11-08,15.559999942779541,0.3889999985694885,0.3643718957901001,0.04429530797519854,Unspecified (Next Day Close vs Prev Close),0.04429530797519854
2014-01-31,2014,Q4,2014-02-12,pre-market,0.006,0.005,0.001,20.0,1144218000.0,619242000.0,524976000.0,166924000.0,115700000.0,336641000.0,452318000.0,146917000.0,7250894000.0,5624711000.0,1151587000.0,1151587000.0,2794496000.0,945496000.0,4456398000.0,23094240000.0,400712000.0,66374000.0,48329000.0,334338000.0,2014-02-11,16.25,0.40625,0.38259077072143555,2014-02-12,16.829999685287476,0.4207499921321869,0.3962463140487671,2014-02-13,17.359999418258667,0.4339999854564667,0.4087245762348175,0.06830746456351397,Unspecified (Next Day Close vs Prev Close),0.06830746456351397
2014-04-30,2014,Q1,2014-05-06,pre-market,0.006,0.004,0.002,50.0,1103000000.0,604000000.0,499000000.0,151000000.0,118600000.0,334000000.0,453000000.0,137000000.0,6864663000.0,5273798000.0,509165000.0,509165000.0,2697678000.0,897945000.0,4166985000.0,22816880000.0,151000000.0,29000000.0,47000000.0,122000000.0,2014-05-05,18.630000352859497,0.4657500088214874,0.4406060576438904,2014-05-06,18.250000476837158,0.45625001192092896,0.43161895871162415,2014-05-07,18.270000219345093,0.4567500054836273,0.43209195137023926,-0.01932362509762054,Unspecified (Next Day Close vs Prev Close),-0.01932362509762054
2014-07-31,2014,Q2,2014-08-07,pre-market,0.006,0.005,0.001,20.0,1103000000.0,619000000.0,484000000.0,163000000.0,119000000.0,337000000.0,456000000.0,128000000.0,6933719000.0,5377586000.0,515092000.0,515092000.0,2628933000.0,868729000.0,4304786000.0,22822880000.0,96000000.0,23000000.0,47000000.0,73000000.0,2014-08-06,17.640000581741333,0.4410000145435333,0.41911372542381287,2014-08-07,17.46000051498413,0.43650001287460327,0.4148370027542114,2014-08-08,18.99999976158142,0.4749999940395355,0.45142635703086853,0.07709752663046465,Unspecified (Next Day Close vs Prev Close),0.07709752663046465
2014-10-31,2014,Q3,2014-11-06,post-market,0.008,0.007,0.001,14.2857,1225000000.0,676000000.0,549000000.0,213000000.0,123300000.0,340000000.0,463000000.0,173000000.0,6885869000.0,5341109000.0,394683000.0,394683000.0,2681276000.0,933907000.0,4204593000.0,22328040000.0,216000000.0,39000000.0,46000000.0,177000000.0,2014-11-05,20.130000114440918,0.503250002861023,0.48039013147354126,2014-11-06,20.220000743865967,0.5055000185966492,0.48253777623176575,2014-11-07,19.78999972343445,0.4947499930858612,0.47227612137794495,-0.01689045957440367,Unspecified (Next Day Close vs Prev Close),-0.01689045957440367
2015-01-31,2015,Q4,2015-02-11,post-market,0.009,0.007,0.002,28.5714,1250514000.0,699603000.0,550911000.0,231136000.0,105214000.0,348253000.0,468467000.0,193128000.0,7201368000.0,5713297000.0,496654000.0,496654000.0,2783386000.0,896030000.0,4417982000.0,22262920000.0,442729000.0,31045000.0,46217000.0,411684000.0,2015-02-10,20.950000286102295,0.5237500071525574,0.5020745992660522,2015-02-11,20.810000896453857,0.5202500224113464,0.4987194240093231,2015-02-12,22.300000190734863,0.5575000047683716,0.5344279408454895,0.06443931166151871,Unspecified (Next Day Close vs Prev Close),0.06443931166151871
2015-04-30,2015,Q1,2015-05-07,post-market,0.006,0.006,0.0,0.0,1151000000.0,653000000.0,498000000.0,176000000.0,138000000.0,339000000.0,477000000.0,134000000.0,7291000000.0,5832000000.0,464000000.0,464000000.0,2735000000.0,883000000.0,4556000000.0,22720000000.0,246000000.0,30000000.0,46000000.0,216000000.0,2015-05-06,22.100000381469727,0.5525000095367432,0.5316740870475769,2015-05-07,22.49000072479248,0.562250018119812,0.5410564541816711,2015-05-08,20.829999446868896,0.5207499861717224,0.5011209845542908,-0.057465848416554645,Unspecified (Next Day Close vs Prev Close),-0.057465848416554645
2015-07-31,2015,Q2,2015-08-06,post-market,0.004,0.003,0.001,33.3333,1153000000.0,634000000.0,519000000.0,76000000.0,149000000.0,320000000.0,558000000.0,26000000.0,6979000000.0,5608000000.0,435000000.0,435000000.0,2794000000.0,936000000.0,4185000000.0,22240000000.0,163000000.0,24000000.0,53000000.0,139000000.0,2015-08-05,20.58000087738037,0.5145000219345093,0.49739813804626465,2015-08-06,20.450000762939453,0.5112500190734863,0.4942563772201538,2015-08-07,22.980000972747803,0.5745000243186951,0.5554038882255554,0.11661835005481155,Unspecified (Next Day Close vs Prev Close),0.11661835005481155
2015-10-31,2015,Q3,2015-11-05,post-market,0.011,0.006,0.005,83.3333,1305000000.0,734000000.0,571000000.0,245000000.0,152000000.0,329000000.0,489000000.0,246000000.0,7174000000.0,5834000000.0,471000000.0,471000000.0,2709000000.0,855000000.0,4465000000.0,22600000000.0,255000000.0,17000000.0,53000000.0,238000000.0,2015-11-04,28.02999973297119,0.7007499933242798,0.6803076863288879,2015-11-05,27.709999084472656,0.6927499771118164,0.6725409626960754,2015-11-06,31.549999713897705,0.7887499928474426,0.7657404541969299,0.12557960109058708,Unspecified (Next Day Close vs Prev Close),0.12557960109058708
2016-01-31,2016,Q4,2016-02-17,post-market,0.009,0.008,0.001,12.5,1401000000.0,791000000.0,610000000.0,252000000.0,131000000.0,344000000.0,539000000.0,208000000.0,7370000000.0,6053000000.0,596000000.0,596000000.0,2901000000.0,2438000000.0,4469000000.0,23720000000.0,511000000.0,15000000.0,61000000.0,496000000.0,2016-02-16,26.989998817443848,0.6747499704360962,0.6575535535812378,2016-02-17,27.660000324249268,0.6915000081062317,0.6738766431808472,2016-02-18,30.03999948501587,0.7509999871253967,0.7318603992462158,0.1130050096456482,Unspecified (Next Day Close vs Prev Close),0.1130050096456482
2016-04-30,2016,Q1,2016-05-12,post-market,0.008,0.008,0.0,0.0,1305000000.0,751000000.0,554000000.0,245000000.0,159000000.0,346000000.0,506000000.0,208000000.0,7108000000.0,5790000000.0,547000000.0,547000000.0,2912000000.0,2456000000.0,4196000000.0,23880000000.0,319000000.0,55000000.0,62000000.0,264000000.0,2016-05-11,36.05999946594238,0.9014999866485596,0.8817256689071655,2016-05-12,35.56999921798706,0.8892499804496765,0.8697442412376404,2016-05-13,40.980000495910645,1.0245000123977661,1.0020272731781006,0.13643881369591984,Unspecified (Next Day Close vs Prev Close),0.13643881369591984
2016-07-31,2016,Q2,2016-08-11,post-market,0.01,0.009,0.001,11.1111,1428000000.0,826000000.0,602000000.0,317000000.0,157000000.0,350000000.0,509000000.0,261000000.0,7461000000.0,6156000000.0,426000000.0,426000000.0,2981000000.0,2479000000.0,4480000000.0,25240000000.0,200000000.0,32000000.0,62000000.0,168000000.0,2016-08-10,58.5099983215332,1.46274995803833,1.4343796968460083,2016-08-11,59.699997901916504,1.4924999475479126,1.4635529518127441,2016-08-12,63.03999900817871,1.5759999752044678,1.5454330444335938,0.07742255961359154,Unspecified (Next Day Close vs Prev Close),0.07742255961359154
2016-10-31,2016,Q3,2016-11-10,post-market,0.021,0.014,0.007,50.0,2004000000.0,1183000000.0,821000000.0,639000000.0,171000000.0,373000000.0,544000000.0,542000000.0,9612000000.0,8307000000.0,1940000000.0,1940000000.0,4288000000.0,2086000000.0,5324000000.0,26120000000.0,432000000.0,38000000.0,61000000.0,394000000.0,2016-11-09,69.95999813079834,1.7489999532699585,1.7182382345199585,2016-11-10,67.76999950408936,1.6942499876022339,1.6644511222839355,2016-11-11,87.96999931335449,2.1992499828338623,2.1605703830718994,0.2574335384147238,Unspecified (Next Day Close vs Prev Close),0.2574335384147238
2017-01-31,2017,Q4,2017-02-09,post-market,0.025,0.021,0.004,19.0476,2173000000.0,1303000000.0,870000000.0,733000000.0,176000000.0,394000000.0,570000000.0,654000000.0,9841000000.0,8536000000.0,1766000000.0,1766000000.0,4079000000.0,1819000000.0,5762000000.0,26400000000.0,721000000.0,51000000.0,76000000.0,670000000.0,2017-02-08,118.61000061035156,2.965250015258789,2.9174578189849854,2017-02-09,116.37999534606934,2.9094998836517334,2.862607002258301,2017-02-10,113.62000465393066,2.8405001163482666,2.7947185039520264,-0.042070639114042546,Unspecified (Next Day Close vs Prev Close),-0.042070639114042546
2017-04-30,2017,Q1,2017-05-09,post-market,0.02,0.016,0.004,25.0,1937000000.0,1150000000.0,787000000.0,554000000.0,185000000.0,411000000.0,596000000.0,507000000.0,9410000000.0,8116000000.0,1989000000.0,1989000000.0,3278000000.0,990000000.0,6132000000.0,25640000000.0,282000000.0,54000000.0,82000000.0,228000000.0,2017-05-08,102.77000427246094,2.5692501068115234,2.5310304164886475,2017-05-09,102.93999671936035,2.573499917984009,2.535217523574829,2017-05-10,121.28999710083008,3.032249927520752,2.9871435165405273,0.18020846256152676,Unspecified (Next Day Close vs Prev Close),0.18020846256152676
2017-07-31,2017,Q2,2017-08-10,post-market,0.023,0.017,0.006,35.2941,2230000000.0,1302000000.0,928000000.0,688000000.0,198000000.0,416000000.0,614000000.0,583000000.0,9402000000.0,8070000000.0,1988000000.0,1988000000.0,3429000000.0,1034000000.0,5973000000.0,25320000000.0,705000000.0,54000000.0,84000000.0,651000000.0,2017-08-09,172.11000442504883,4.302750110626221,4.243210792541504,2017-08-10,164.74000930786133,4.118500232696533,4.061508655548096,2017-08-11,155.95999717712402,3.8989999294281006,3.845045328140259,-0.09383589076015732,Unspecified (Next Day Close vs Prev Close),-0.09383589076015732
2017-10-31,2017,Q3,2017-11-09,post-market,0.033,0.024,0.009,37.5,2636000000.0,1569000000.0,1067000000.0,895000000.0,212000000.0,462000000.0,674000000.0,838000000.0,9830000000.0,8479000000.0,2802000000.0,2802000000.0,3478000000.0,1028000000.0,6352000000.0,25120000000.0,1157000000.0,69000000.0,84000000.0,1088000000.0,2017-11-08,209.16000366210938,5.229000091552734,5.1611809730529785,2017-11-09,205.31999588012695,5.132999897003174,5.0664262771606445,2017-11-10,216.1400032043457,5.403500080108643,5.333417892456055,0.03337161016099642,Unspecified (Next Day Close vs Prev Close),0.03337161016099642
2018-01-31,2018,Q4,2018-02-08,post-market,0.039,0.029,0.01,34.4828,2911000000.0,1801000000.0,1110000000.0,1073000000.0,221000000.0,507000000.0,728000000.0,1119000000.0,11241000000.0,9255000000.0,4002000000.0,4002000000.0,3770000000.0,1153000000.0,7471000000.0,25120000000.0,1358000000.0,416000000.0,91000000.0,942000000.0,2018-02-07,228.79999160766602,5.71999979019165,5.649734973907471,2018-02-08,217.5200080871582,5.438000202178955,5.371199607849121,2018-02-09,232.0800018310547,5.802000045776367,5.730729103088379,0.014335916561567671,Unspecified (Next Day Close vs Prev Close),0.014335916561567671
2018-04-30,2018,Q1,2018-05-10,post-market,0.051,0.04,0.011,27.5,3207000000.0,2068000000.0,1139000000.0,1295000000.0,231000000.0,542000000.0,773000000.0,1244000000.0,11460000000.0,9448000000.0,765000000.0,765000000.0,3743000000.0,1106000000.0,7717000000.0,25080000000.0,1445000000.0,118000000.0,91000000.0,1327000000.0,2018-05-09,255.77999114990234,6.394499778747559,6.319875240325928,2018-05-10,260.1300048828125,6.5032501220703125,6.4273552894592285,2018-05-11,254.52999114990234,6.363249778747559,6.288990020751953,-0.004886998302893998,Unspecified (Next Day Close vs Prev Close),-0.004886998302893998
2018-07-31,2018,Q2,2018-08-16,post-market,0.049,0.044,0.005,11.3636,3123000000.0,1975000000.0,1148000000.0,1157000000.0,237000000.0,581000000.0,818000000.0,1101000000.0,12882000000.0,10831000000.0,718000000.0,718000000.0,4087000000.0,1462000000.0,8795000000.0,25040000000.0,913000000.0,129000000.0,91000000.0,784000000.0,2018-08-15,259.0800094604492,6.4770002365112305,6.405372142791748,2018-08-16,257.4399948120117,6.435999870300293,6.364824295043945,2018-08-17,244.82000350952148,6.120500087738037,6.0528130531311035,-0.05504115636082051,Unspecified (Next Day Close vs Prev Close),-0.05504115636082051
2018-10-31,2018,Q3,2018-11-15,post-market,0.046,0.047,-0.001,-2.1277,3181000000.0,1921000000.0,1260000000.0,1058000000.0,258000000.0,605000000.0,863000000.0,1230000000.0,13657000000.0,11386000000.0,721000000.0,721000000.0,4182000000.0,1608000000.0,9475000000.0,25000000000.0,487000000.0,150000000.0,91000000.0,337000000.0,2018-11-14,197.18999862670898,4.929749965667725,4.877898216247559,2018-11-15,202.3900032043457,5.059750080108643,5.006531715393066,2018-11-16,164.4300079345703,4.110750198364258,4.067513465881348,-0.1661340016622198,Unspecified (Next Day Close vs Prev Close),-0.1661340016622198
2019-01-31,2019,Q4,2019-02-14,post-market,0.02,0.019,0.001,5.2632,2205000000.0,1207000000.0,998000000.0,294000000.0,266000000.0,647000000.0,913000000.0,566000000.0,13292000000.0,10557000000.0,782000000.0,782000000.0,3950000000.0,1329000000.0,9342000000.0,24760000000.0,898000000.0,203000000.0,98000000.0,695000000.0,2019-02-13,152.88000106811523,3.822000026702881,3.785583734512329,2019-02-14,154.5300006866455,3.8632500171661377,3.8264412879943848,2019-02-15,157.34000205993652,3.933500051498413,3.8960213661193848,0.029173210620127146,Unspecified (Next Day Close vs Prev Close),0.029173210620127146
2019-04-30,2019,Q1,2019-05-16,post-market,0.022,0.02,0.002,10.0,2220000000.0,1296000000.0,924000000.0,358000000.0,264000000.0,674000000.0,938000000.0,394000000.0,14021000000.0,10629000000.0,2772000000.0,2772000000.0,4317000000.0,1183000000.0,9704000000.0,24640000000.0,720000000.0,128000000.0,97000000.0,592000000.0,2019-05-15,159.5800018310547,3.989500045776367,3.9555604457855225,2019-05-16,160.18999099731445,4.004749774932861,3.970679521560669,2019-05-17,156.52999877929688,3.913249969482422,3.8799588680267334,-0.019112734793204654,Unspecified (Next Day Close vs Prev Close),-0.019112734793204654
2019-07-31,2019,Q2,2019-08-15,post-market,0.031,0.029,0.002,6.8966,2579000000.0,1541000000.0,1038000000.0,571000000.0,266000000.0,704000000.0,970000000.0,552000000.0,14775000000.0,11391000000.0,7105000000.0,7105000000.0,4439000000.0,1317000000.0,10336000000.0,24640000000.0,936000000.0,113000000.0,98000000.0,823000000.0,2019-08-14,150.06999969482422,3.7517499923706055,3.724078416824341,2019-08-15,148.76999855041504,3.719249963760376,3.6918179988861084,2019-08-16,159.56000328063965,3.989000082015991,3.9595792293548584,0.06323733986550632,Unspecified (Next Day Close vs Prev Close),0.06323733986550632
2019-10-31,2019,Q3,2019-11-14,post-market,0.045,0.039,0.006,15.3846,3014000000.0,1916000000.0,1098000000.0,927000000.0,277000000.0,712000000.0,989000000.0,899000000.0,15810000000.0,12420000000.0,9765000000.0,9765000000.0,4596000000.0,1475000000.0,11214000000.0,24720000000.0,1640000000.0,103000000.0,97000000.0,1537000000.0,2019-11-13,208.57000350952148,5.214250087738037,5.180915832519531,2019-11-14,209.79000091552734,5.244750022888184,5.2112202644348145,2019-11-15,204.19000625610352,5.104750156402588,5.072115421295166,-0.02100022751604025,Unspecified (Next Day Close vs Prev Close),-0.02100022751604025
2020-01-31,2020,Q4,2020-02-13,post-market,0.0473,0.05,-0.0027,-5.4,3105000000.0,2015000000.0,1090000000.0,990000000.0,287000000.0,738000000.0,1025000000.0,951000000.0,17315000000.0,13690000000.0,10896000000.0,10896000000.0,5111000000.0,1784000000.0,12204000000.0,24840000000.0,1465000000.0,145000000.0,98000000.0,1320000000.0,2020-02-12,272.5399971008301,6.813499927520752,6.774936199188232,2020-02-13,270.77999114990234,6.769499778747559,6.731185436248779,2020-02-14,289.79000091552734,7.244750022888184,7.2037458419799805,0.06329353224656606,Unspecified (Next Day Close vs Prev Close),0.06329353224656606
2020-04-30,2020,Q1,2020-05-21,post-market,0.045,0.042,0.003,7.1429,3080000000.0,2004000000.0,1076000000.0,976000000.0,293000000.0,735000000.0,1028000000.0,917000000.0,23254000000.0,19584000000.0,15494000000.0,15494000000.0,10155000000.0,1903000000.0,13099000000.0,24880000000.0,909000000.0,155000000.0,98000000.0,754000000.0,2020-05-20,358.80001068115234,8.970000267028809,8.924566268920898,2020-05-21,351.01001739501953,8.775250434875488,8.730804443359375,2020-05-22,361.0499954223633,9.026249885559082,8.98052978515625,0.0062707267276663195,Unspecified (Next Day Close vs Prev Close),0.0062707267276663195
2020-07-31,2020,Q2,2020-08-19,post-market,0.055,0.049,0.006,12.2449,3866000000.0,2275000000.0,1591000000.0,651000000.0,627000000.0,997000000.0,1624000000.0,622000000.0,25180000000.0,14681000000.0,3274000000.0,3274000000.0,11266000000.0,2410000000.0,13914000000.0,25040000000.0,1567000000.0,217000000.0,99000000.0,1350000000.0,2020-08-18,490.42999267578125,12.260749816894531,12.204214096069336,2020-08-19,485.5400085449219,12.138500213623047,12.082529067993164,2020-08-20,485.6399917602539,12.140999794006348,12.085016250610352,-0.009766941526974273,Unspecified (Next Day Close vs Prev Close),-0.009766941526974273
2020-10-31,2020,Q3,2020-11-18,post-market,0.073,0.064,0.009,14.0625,4726000000.0,2960000000.0,1766000000.0,1398000000.0,515000000.0,1047000000.0,1562000000.0,1336000000.0,26881000000.0,14393000000.0,2251000000.0,2251000000.0,11547000000.0,3669000000.0,15334000000.0,25200000000.0,1279000000.0,473000000.0,99000000.0,806000000.0,2020-11-17,536.8899917602539,13.422249794006348,13.36435604095459,2020-11-18,537.1500015258789,13.428750038146973,13.370829582214355,2020-11-19,537.6100158691406,13.440250396728516,13.382279396057129,0.001341131218564784,Unspecified (Next Day Close vs Prev Close),0.001341131218564784
2021-01-31,2021,Q4,2021-02-24,post-market,0.0775,0.08,-0.0025,-3.125,5003000000.0,3156000000.0,1847000000.0,1507000000.0,503000000.0,1146000000.0,1649000000.0,1457000000.0,28791000000.0,16055000000.0,847000000.0,847000000.0,11898000000.0,3925000000.0,16893000000.0,25240000000.0,2067000000.0,283000000.0,99000000.0,1784000000.0,2021-02-23,565.6800079345703,14.142000198364258,14.085162162780762,2021-02-24,579.9599838256836,14.49899959564209,14.440729141235352,2021-02-25,532.2999954223633,13.307499885559082,13.25401496887207,-0.05900870606267853,Unspecified (Next Day Close vs Prev Close),-0.05900870606267853
2021-04-30,2021,Q1,2021-05-26,post-market,0.0915,0.0822,0.0093,11.3139,5661000000.0,3629000000.0,2032000000.0,1956000000.0,520000000.0,1153000000.0,1673000000.0,1912000000.0,30796000000.0,18127000000.0,978000000.0,978000000.0,12022000000.0,4004000000.0,18774000000.0,25280000000.0,1874000000.0,298000000.0,99000000.0,1576000000.0,2021-05-25,625.9099960327148,15.647749900817871,15.590241432189941,2021-05-26,627.9999923706055,15.699999809265137,15.642297744750977,2021-05-27,619.5199966430664,15.48799991607666,15.431075096130371,-0.010209356715344493,Unspecified (Next Day Close vs Prev Close),-0.010209356715344493
2021-07-31,2021,Q2,2021-08-18,post-market,0.104,0.102,0.002,1.9608,6507000000.0,4215000000.0,2292000000.0,2444000000.0,526000000.0,1245000000.0,1771000000.0,2374000000.0,38650000000.0,25806000000.0,5628000000.0,5628000000.0,17503000000.0,4448000000.0,21147000000.0,25320000000.0,2682000000.0,183000000.0,99000000.0,2499000000.0,2021-08-17,194.5800018310547,19.45800018310547,19.390928268432617,2021-08-18,190.40000915527344,19.040000915527344,18.974374771118164,2021-08-19,197.9800033569336,19.79800033569336,19.729755401611328,0.01747348700837098,Unspecified (Next Day Close vs Prev Close),0.01747348700837098
2021-10-31,2021,Q3,2021-11-17,post-market,0.117,0.111,0.006,5.4054,7103000000.0,4631000000.0,2472000000.0,2671000000.0,557000000.0,1403000000.0,1960000000.0,2464000000.0,40632000000.0,25806000000.0,1288000000.0,1288000000.0,16834000000.0,3612000000.0,23798000000.0,25380000000.0,1519000000.0,222000000.0,100000000.0,1297000000.0,2021-11-16,302.02999114990234,30.202999114990234,30.104198455810547,2021-11-17,292.6099967956543,29.26099967956543,29.1652774810791,2021-11-18,316.74999237060547,31.674999237060547,31.57138442993164,0.04873692207001464,Unspecified (Next Day Close vs Prev Close),0.04873692207001464
2022-01-31,2022,Q4,2022-02-16,post-market,0.132,0.123,0.009,7.3171,7643000000.0,4999000000.0,2644000000.0,2970000000.0,563000000.0,1466000000.0,2029000000.0,3003000000.0,44187000000.0,28829000000.0,1990000000.0,1990000000.0,17575000000.0,4335000000.0,26612000000.0,25450000000.0,3033000000.0,273000000.0,101000000.0,2760000000.0,2022-02-15,264.950008392334,26.4950008392334,26.411563873291016,2022-02-16,265.1099967956543,26.51099967956543,26.427505493164062,2022-02-17,245.06999969482422,24.506999969482422,24.429828643798828,-0.07503286208266671,Unspecified (Next Day Close vs Prev Close),-0.07503286208266671
2022-04-30,2022,Q1,2022-05-25,post-market,0.136,0.13,0.006,4.6154,8288000000.0,5431000000.0,2857000000.0,1868000000.0,592000000.0,1618000000.0,3563000000.0,1618000000.0,45212000000.0,29575000000.0,3887000000.0,3887000000.0,18892000000.0,5562000000.0,26320000000.0,25370000000.0,1731000000.0,361000000.0,100000000.0,1370000000.0,2022-05-24,161.5399932861328,16.15399932861328,16.105871200561523,2022-05-25,169.75000381469727,16.975000381469727,16.924427032470703,2022-05-26,178.5099983215332,17.85099983215332,17.797813415527344,0.10505126943439307,Unspecified (Next Day Close vs Prev Close),0.10505126943439307
2022-07-31,2022,Q2,2022-08-24,post-market,0.051,0.0499,0.0011,2.2044,6704000000.0,2915000000.0,3789000000.0,499000000.0,592000000.0,1824000000.0,2416000000.0,656000000.0,43476000000.0,27418000000.0,3013000000.0,3013000000.0,19625000000.0,7573000000.0,23851000000.0,25160000000.0,1270000000.0,433000000.0,100000000.0,837000000.0,2022-08-23,171.80999755859375,17.180999755859375,17.133434295654297,2022-08-24,172.22000122070312,17.222000122070312,17.17431640625,2022-08-25,179.13000106811523,17.913000106811523,17.863407135009766,0.04260516757814387,Unspecified (Next Day Close vs Prev Close),0.04260516757814387
2022-10-31,2022,Q3,2022-11-16,post-market,0.058,0.071,-0.013,-18.3099,5931000000.0,3177000000.0,2754000000.0,601000000.0,631000000.0,1945000000.0,2576000000.0,680000000.0,40488000000.0,23223000000.0,2800000000.0,2800000000.0,19139000000.0,6855000000.0,21349000000.0,24990000000.0,392000000.0,530000000.0,100000000.0,-138000000.0,2022-11-15,166.66000366210938,16.666000366210938,16.624794006347656,2022-11-16,159.0999984741211,15.90999984741211,15.87066650390625,2022-11-17,156.77000045776367,15.677000045776367,15.638242721557617,-0.05934216594884456,Unspecified (Next Day Close vs Prev Close),-0.05934216594884456
2023-01-31,2023,Q4,2023-02-22,post-market,0.088,0.081,0.007,8.642,6051000000.0,3833000000.0,2218000000.0,1256000000.0,625000000.0,1952000000.0,2577000000.0,1414000000.0,41182000000.0,23073000000.0,3389000000.0,3389000000.0,19081000000.0,6563000000.0,22101000000.0,24770000000.0,2249000000.0,509000000.0,98000000.0,1740000000.0,2023-02-21,206.55000686645508,20.655000686645508,20.60920524597168,2023-02-22,207.53999710083008,20.753999710083008,20.707990646362305,2023-02-23,236.63999557495117,23.663999557495117,23.611534118652344,0.14567902240031821,Unspecified (Next Day Close vs Prev Close),0.14567902240031821
2023-04-30,2023,Q1,2023-05-24,post-market,0.109,0.092,0.017,18.4783,7192000000.0,4648000000.0,2544000000.0,2140000000.0,633000000.0,1875000000.0,2508000000.0,2043000000.0,44460000000.0,24883000000.0,5079000000.0,5079000000.0,19940000000.0,7260000000.0,24520000000.0,24900000000.0,2911000000.0,248000000.0,99000000.0,2663000000.0,2023-05-23,306.87999725341797,30.687999725341797,30.625165939331055,2023-05-24,305.38000106811523,30.538000106811523,30.47547149658203,2023-05-25,379.7999954223633,37.97999954223633,37.9022331237793,0.23761723279685176,Unspecified (Next Day Close vs Prev Close),0.23761723279685176
2023-07-31,2023,Q2,2023-08-23,post-market,0.27,0.207,0.063,30.4348,13507000000.0,9462000000.0,4045000000.0,6800000000.0,622000000.0,2040000000.0,2662000000.0,6188000000.0,49555000000.0,28797000000.0,5783000000.0,5783000000.0,22054000000.0,10334000000.0,27501000000.0,24990000000.0,6348000000.0,289000000.0,99000000.0,6059000000.0,2023-08-22,456.67999267578125,45.667999267578125,45.57920455932617,2023-08-23,471.1600112915039,47.11600112915039,47.0244026184082,2023-08-24,471.6299819946289,47.16299819946289,47.07130432128906,0.03273641513468636,Unspecified (Next Day Close vs Prev Close),0.03273641513468636
2023-10-31,2023,Q3,2023-11-21,post-market,0.402,0.336,0.066,19.6429,18120000000.0,13400000000.0,4720000000.0,10417000000.0,689000000.0,2294000000.0,2983000000.0,9243000000.0,54148000000.0,32658000000.0,5519000000.0,5519000000.0,20883000000.0,9101000000.0,33265000000.0,24940000000.0,7332000000.0,278000000.0,98000000.0,7054000000.0,2023-11-20,504.09000396728516,50.409000396728516,50.31513214111328,2023-11-21,499.44000244140625,49.944000244140625,49.85100555419922,2023-11-22,487.15999603271484,48.715999603271484,48.62528610229492,-0.033585244973202796,Unspecified (Next Day Close vs Prev Close),-0.033585244973202796
2024-01-31,2024,Q4,2024-02-21,post-market,0.516,0.461,0.055,11.9306,22103000000.0,16791000000.0,5312000000.0,13614000000.0,712000000.0,2465000000.0,3177000000.0,12285000000.0,65728000000.0,44345000000.0,7280000000.0,7280000000.0,22750000000.0,10631000000.0,42978000000.0,24900000000.0,11499000000.0,254000000.0,99000000.0,11245000000.0,2024-02-20,694.5200347900391,69.4520034790039,69.32877349853516,2024-02-21,674.7200012207031,67.47200012207031,67.352294921875,2024-02-22,785.3800201416016,78.53800201416016,78.39865112304688,0.13082414655299443,Unspecified (Next Day Close vs Prev Close),0.13082414655299443
2024-04-30,2024,Q1,2024-05-22,post-market,0.612,0.559,0.053,9.4812,26044000000.0,20406000000.0,5638000000.0,16909000000.0,777000000.0,2720000000.0,3497000000.0,14881000000.0,77072000000.0,53729000000.0,7587000000.0,7587000000.0,27930000000.0,15223000000.0,49142000000.0,24890000000.0,15345000000.0,369000000.0,98000000.0,14976000000.0,2024-05-21,953.8600158691406,95.38600158691406,95.2212142944336,2024-05-22,949.4999694824219,94.94999694824219,94.78597259521484,2024-05-23,1037.9900360107422,103.79900360107422,103.61969757080078,0.08819970779198667,Unspecified (Next Day Close vs Prev Close),0.08819970779198667
2024-07-31,2024,Q2,2024-08-28,post-market,0.68,0.63,0.05,7.9365,30040000000.0,22574000000.0,7466000000.0,18642000000.0,842000000.0,3090000000.0,3932000000.0,16599000000.0,85227000000.0,59633000000.0,8563000000.0,8563000000.0,27070000000.0,13969000000.0,58157000000.0,24848000000.0,14488000000.0,977000000.0,246000000.0,13511000000.0,2024-08-27,128.3000030517578,128.3000030517578,128.0889129638672,2024-08-28,125.61000061035156,125.61000061035156,125.40330505371094,2024-08-29,117.58999633789062,117.58999633789062,117.39649200439453,-0.08347655321650593,Unspecified (Next Day Close vs Prev Close),-0.08347655321650593
2024-10-31,2024,Q3,2024-11-20,post-market,0.81,0.75,0.06,8.0,35082000000.0,26156000000.0,8926000000.0,21869000000.0,897000000.0,3390000000.0,4287000000.0,19309000000.0,96013000000.0,67640000000.0,9107000000.0,9107000000.0,30114000000.0,16479000000.0,65899000000.0,24774000000.0,17627000000.0,813000000.0,245000000.0,16814000000.0,2024-11-19,147.00999450683594,147.00999450683594,146.78065490722656,2024-11-20,145.88999938964844,145.88999938964844,145.6623992919922,2024-11-21,146.6699981689453,146.6699981689453,146.44119262695312,-0.0023127181200274403,Unspecified (Next Day Close vs Prev Close),-0.0023127181200274403
2025-01-31,2025,Q4,2025-02-26,post-market,0.89,0.85,0.04,4.7059,39331000000.0,28723000000.0,10608000000.0,24034000000.0,975000000.0,3714000000.0,4689000000.0,22091000000.0,111601000000.0,80126000000.0,8589000000.0,8589000000.0,32274000000.0,18047000000.0,79327000000.0,24706000000.0,16629000000.0,1077000000.0,245000000.0,15552000000.0,2025-02-25,126.62999725341797,126.62999725341797,126.44114685058594,2025-02-26,131.27999877929688,131.27999877929688,131.084228515625,2025-02-27,120.1500015258789,120.1500015258789,119.97081756591797,-0.05117265578359458,Unspecified (Next Day Close vs Prev Close),-0.05117265578359458
2025-04-30,2025,Q1,2025-05-28,post-market,0.81,0.75,0.06,8.0,44062000000.0,26668000000.0,17394000000.0,21638000000.0,1041000000.0,3989000000.0,5030000000.0,18775000000.0,125254000000.0,89935000000.0,15234000000.0,15234000000.0,41411000000.0,26542000000.0,83843000000.0,24611000000.0,27414000000.0,1227000000.0,244000000.0,26187000000.0,2025-05-27,135.5,135.5,135.3103790283203,2025-05-28,134.80999755859375,134.80999755859375,134.62132263183594,2025-05-29,139.19000244140625,139.19000244140625,138.9951934814453,0.027232311959999554,Unspecified (Next Day Close vs Prev Close),0.027232311959999554
2025-07-31,2025,Q2,2025-08-27,post-market,1.05,1.01,0.04,3.9604,46743000000.0,33853000000.0,12890000000.0,28440000000.0,1122000000.0,4291000000.0,5413000000.0,26422000000.0,140740000000.0,102219000000.0,11639000000.0,11639000000.0,40609000000.0,24257000000.0,100131000000.0,24532000000.0,15365000000.0,1895000000.0,244000000.0,13470000000.0,2025-08-26,181.77000427246094,181.77000427246094,181.52822875976562,2025-08-27,181.60000610351562,181.60000610351562,181.35845947265625,2025-08-28,180.1699981689453,180.1699981689453,179.93035888671875,-0.008802321732348831,Unspecified (Next Day Close vs Prev Close),-0.008802321732348831
2025-10-31,2025,Q3,2025-11-19,post-market,1.3,1.26,0.04,3.1746,57006000000.0,41849000000.0,15157000000.0,36010000000.0,1134000000.0,4705000000.0,5839000000.0,31910000000.0,161148000000.0,116492000000.0,11486000000.0,11486000000.0,42251000000.0,26075000000.0,118897000000.0,24483000000.0,23751000000.0,1636000000.0,244000000.0,22115000000.0,2025-11-18,181.36000061035156,181.36000061035156,181.1289825439453,2025-11-19,186.52000427246094,186.52000427246094,186.28240966796875,2025-11-20,180.63999938964844,180.63999938964844,180.40989685058594,-0.003970020055652393,Unspecified (Next Day Close vs Prev Close),-0.003970020055652393
2026-01-31,2026,Q4,2026-02-25,post-market,1.62,1.54,0.08,5.1948,68127000000.0,51093000000.0,17034000000.0,44299000000.0,1282000000.0,5512000000.0,6794000000.0,42960000000.0,206803000000.0,125605000000.0,10605000000.0,10605000000.0,49510000000.0,32163000000.0,157293000000.0,24432000000.0,36188000000.0,1284000000.0,242000000.0,34904000000.0,2026-02-24,192.85000610351562,192.85000610351562,192.61508178710938,2026-02-25,195.55999755859375,195.55999755859375,195.32176208496094,2026-02-26,184.88999938964844,184.88999938964844,184.66476440429688,-0.041275674308825436,Unspecified (Next Day Close vs Prev Close),-0.041275674308825436
2026-04-30,2026,Q1,2026-05-20,post-market,1.87,1.77,0.1,5.6497,81615000000.0,61157000000.0,20458000000.0,53536000000.0,1300000000.0,6321000000.0,7621000000.0,58321000000.0,259474000000.0,150995000000.0,13237000000.0,13237000000.0,64000000000.0,43884000000.0,195474000000.0,24391000000.0,50344000000.0,1757000000.0,243000000.0,48587000000.0,2026-05-19,220.61000061035156,220.61000061035156,220.35317993164062,2026-05-20,223.47000122070312,223.47000122070312,223.20985412597656,2026-05-21,219.50999450683594,219.50999450683594,219.25445556640625,-0.004986197002354259,Unspecified (Next Day Close vs Prev Close),-0.004986197002354259
